Feature,Importance
V14,0.23605085664153264
V10,0.13087884406794492
V12,0.11414670227666429
V17,0.09821402488254347
V4,0.09625111251117618
V3,0.07263445795124952
V11,0.056354659887026634
V16,0.03961463133567268
V2,0.03878895432053807
V9,0.027435942913228942
V21,0.01376954344340796
V7,0.012223409680380735
V1,0.008234217757711831
V18,0.006918531177769001
V6,0.006255064622627913
V8,0.004582668590372781
V27,0.004401677309842716
Time,0.004016611812314114
V28,0.0032355125996620738
V13,0.0030889525767432654
V19,0.0028625734493022727
Amount,0.002690816669565489
V22,0.0025642455314747094
V20,0.002545986779658641
V5,0.0025251547483701622
V26,0.00245882931659061
V15,0.00201024668271881
V24,0.0018680159865670214
V25,0.0018253423438755589
V23,0.0015524121334669666
